id,start_date,start_day,start_season,start_time,end_time,start_time_d,start_time_dd,ended_date,holiday,bike_type,start_station_id,start_station_name,end_station_id,end_station_name,member_type,trip_duration,w_windspeed,temp,temp_feels_like,rain,uvIndex,visibility
1,09-17-20,3,3,1507,1507,2,3,09-17-20,0,1,nan,W Oakdale Ave & N Broadway,W Oakdale Ave & N Broadway,nan,casual,0,17,17,17,0.0,5,10
2,09-17-20,3,3,1509,1509,2,3,09-17-20,0,1,nan,W Oakdale Ave & N Broadway,W Oakdale Ave & N Broadway,nan,casual,0,17,17,17,0.0,5,10
3,09-17-20,3,3,1810,1835,3,2,09-17-20,0,1,246.0,Ashland Ave & Belle Plaine Ave,Montrose Harbor,249.0,casual,25,17,17,17,0.0,5,10
4,09-17-20,3,3,1516,1552,2,3,09-17-20,0,1,24.0,Fairbanks Ct & Grand Ave,Fairbanks Ct & Grand Ave,24.0,casual,36,17,17,17,0.0,5,10
5,09-17-20,3,3,1837,1923,3,2,09-17-20,0,1,94.0,Clark St & Armitage Ave,nan,nan,casual,86,17,17,17,0.0,5,10
6,09-16-20,2,3,2139,2153,4,2,09-16-20,0,1,291.0,Wells St & Evergreen Ave,Broadway & Sheridan Rd,256.0,casual,14,11,20,20,0.0,6,10
7,09-17-20,3,3,1218,1218,2,1,09-17-20,0,1,nan,nan,nan,nan,casual,0,17,17,17,0.0,5,10
8,09-17-20,3,3,1709,1734,3,2,09-17-20,0,1,nan,nan,nan,nan,casual,25,17,17,17,0.0,5,10
9,09-17-20,3,3,1220,1229,2,1,09-17-20,0,1,nan,nan,nan,nan,casual,9,17,17,17,0.0,5,10
10,09-16-20,2,3,2258,9,4,2,09-17-20,0,1,273.0,Michigan Ave & 18th St,Michigan Ave & 18th St,273.0,casual,-2249,11,20,20,0.0,6,10
11,09-16-20,2,3,1905,1930,4,1,09-16-20,0,1,145.0,Mies van der Rohe Way & Chestnut St,W Oakdale Ave & N Broadway,nan,casual,25,11,20,20,0.0,6,10
12,09-16-20,2,3,2305,2322,4,2,09-16-20,0,1,108.0,Halsted St & Polk St,Emerald Ave & 31st St,339.0,casual,17,11,20,20,0.0,6,10
13,09-17-20,3,3,1742,1807,3,2,09-17-20,0,1,511.0,Albany Ave & Bloomingdale Ave,Albany Ave & Bloomingdale Ave,511.0,casual,65,17,17,17,0.0,5,10
14,09-16-20,2,3,2017,2028,4,1,09-16-20,0,1,329.0,Lake Shore Dr & Diversey Pkwy,Lake Shore Dr & North Blvd,268.0,casual,11,11,20,20,0.0,6,10
15,09-17-20,3,3,1643,1708,3,2,09-17-20,0,1,315.0,Elston Ave & Wabansia Ave,Damen Ave & Foster Ave,464.0,casual,65,17,17,17,0.0,5,10
16,09-17-20,3,3,1321,1336,2,2,09-17-20,0,1,138.0,Clybourn Ave & Division St,Campbell Ave & Fullerton Ave,504.0,casual,15,17,17,17,0.0,5,10
17,09-17-20,3,3,634,648,1,1,09-17-20,0,1,504.0,Campbell Ave & Fullerton Ave,Clybourn Ave & Division St,138.0,casual,14,17,17,17,0.0,5,10
18,09-17-20,3,3,1854,1901,3,2,09-17-20,0,1,nan,nan,Wabash Ave & Roosevelt Rd,59.0,casual,47,17,17,17,0.0,5,10
19,09-17-20,3,3,1555,1630,2,3,09-17-20,0,1,38.0,Clark St & Lake St,Franklin St & Lake St,164.0,casual,75,17,17,17,0.0,5,10
20,09-14-20,0,3,1053,1117,1,3,09-14-20,0,1,52.0,Michigan Ave & Lake St,nan,nan,casual,64,13,18,18,0.0,5,10
21,09-14-20,0,3,1128,1133,1,3,09-14-20,0,1,nan,nan,Michigan Ave & Lake St,52.0,casual,5,13,18,18,0.0,5,10
22,09-14-20,0,3,1845,1913,3,2,09-14-20,0,1,485.0,Sawyer Ave & Irving Park Rd,Clarendon Ave & Gordon Ter,312.0,casual,68,13,18,18,0.0,5,10
23,09-14-20,0,3,1014,1023,1,3,09-14-20,0,1,89.0,Financial Pl & Ida B Wells Dr,Wells St & Huron St,53.0,casual,9,13,18,18,0.0,5,10
24,09-14-20,0,3,1716,1733,3,2,09-14-20,0,1,53.0,Wells St & Huron St,Federal St & Polk St,41.0,casual,17,13,18,18,0.0,5,10
25,09-13-20,6,3,1926,1944,4,1,09-13-20,0,1,3.0,Shedd Aquarium,McClurg Ct & Erie St,142.0,casual,18,7,20,20,0.2,4,10
26,09-14-20,0,3,1720,1754,3,2,09-14-20,0,1,35.0,Streeter Dr & Grand Ave,nan,nan,casual,34,13,18,18,0.0,5,10
27,09-14-20,0,3,1840,1851,3,2,09-14-20,0,1,113.0,Bissell St & Armitage Ave,Wells St & Elm St,182.0,casual,11,13,18,18,0.0,5,10
28,09-14-20,0,3,1311,1345,2,2,09-14-20,0,1,164.0,Franklin St & Lake St,Franklin St & Lake St,164.0,casual,34,13,18,18,0.0,5,10
29,09-14-20,0,3,1629,1640,3,2,09-14-20,0,1,111.0,Sedgwick St & Huron St,Wabash Ave & Roosevelt Rd,59.0,casual,11,13,18,18,0.0,5,10
30,09-14-20,0,3,1541,1550,2,3,09-14-20,0,1,140.0,Dearborn Pkwy & Delaware Pl,Halsted St & Willow St,224.0,casual,9,13,18,18,0.0,5,10
31,09-14-20,0,3,1636,1649,3,2,09-14-20,0,1,225.0,Halsted St & Dickens Ave,Dearborn Pkwy & Delaware Pl,140.0,casual,13,13,18,18,0.0,5,10
32,09-19-20,5,3,2131,2143,4,2,09-19-20,0,1,301.0,Clark St & Schiller St,Halsted St & Wrightwood Ave,349.0,casual,12,7,13,13,0.0,4,10
33,09-20-20,6,3,1709,1730,3,2,09-20-20,0,1,43.0,Michigan Ave & Washington St,W Armitage Ave & N Sheffield Ave,nan,casual,21,10,14,14,0.0,4,10
34,09-19-20,5,3,1905,1921,4,1,09-19-20,0,1,21.0,Aberdeen St & Jackson Blvd,Racine Ave & Washington Blvd,654.0,casual,16,7,13,13,0.0,4,10
35,09-19-20,5,3,2319,2326,4,2,09-19-20,0,1,13.0,Wilton Ave & Diversey Pkwy,Larrabee St & Armitage Ave,288.0,casual,7,7,13,13,0.0,4,10
36,09-20-20,6,3,1335,1400,2,2,09-20-20,0,1,246.0,Ashland Ave & Belle Plaine Ave,Montrose Harbor,249.0,casual,65,10,14,14,0.0,4,10
37,09-19-20,5,3,2336,2354,4,2,09-19-20,0,1,212.0,Wells St & Hubbard St,Damen Ave & Chicago Ave,128.0,casual,18,7,13,13,0.0,4,10
38,09-20-20,6,3,917,1000,1,3,09-20-20,0,1,645.0,Archer (Damen) Ave & 37th St,Franklin St & Monroe St,287.0,casual,83,10,14,14,0.0,4,10
39,09-20-20,6,3,1154,1242,2,1,09-20-20,0,1,287.0,Franklin St & Monroe St,Archer (Damen) Ave & 37th St,645.0,casual,88,10,14,14,0.0,4,10
40,09-20-20,6,3,1437,1533,2,3,09-20-20,0,1,49.0,Dearborn St & Monroe St,Dearborn St & Monroe St,49.0,casual,96,10,14,14,0.0,4,10
41,09-19-20,5,3,2006,2020,4,1,09-19-20,0,1,71.0,Morgan St & Lake St,Dearborn St & Erie St,110.0,casual,14,7,13,13,0.0,4,10
42,09-20-20,6,3,31,45,4,3,09-20-20,0,1,nan,nan,nan,nan,casual,14,10,14,14,0.0,4,10
43,09-19-20,5,3,1922,1934,4,1,09-19-20,0,1,454.0,Broadway & Granville Ave,nan,nan,casual,12,7,13,13,0.0,4,10
44,09-20-20,6,3,1105,1116,1,3,09-20-20,0,1,nan,nan,nan,nan,casual,11,10,14,14,0.0,4,10
45,09-20-20,6,3,111,120,4,3,09-20-20,0,1,nan,nan,nan,nan,casual,9,10,14,14,0.0,4,10
46,09-20-20,6,3,1422,1444,2,3,09-20-20,0,1,195.0,Columbus Dr & Randolph St,Delano Ct & Roosevelt Rd,626.0,casual,22,10,14,14,0.0,4,10
47,09-20-20,6,3,1113,1142,1,3,09-20-20,0,1,123.0,California Ave & Milwaukee Ave,nan,nan,casual,29,10,14,14,0.0,4,10
48,09-20-20,6,3,1230,1313,2,1,09-20-20,0,1,nan,nan,Drake Ave & Fullerton Ave,503.0,casual,83,10,14,14,0.0,4,10
49,09-20-20,6,3,39,58,4,3,09-20-20,0,1,589.0,Milwaukee Ave & Cuyler Ave,nan,nan,casual,19,10,14,14,0.0,4,10
50,09-19-20,5,3,2200,2213,4,2,09-19-20,0,1,289.0,Wells St & Concord Ln,Wilton Ave & Diversey Pkwy,13.0,casual,13,7,13,13,0.0,4,10
51,09-20-20,6,3,1143,1148,1,3,09-20-20,0,1,250.0,Ashland Ave & Wellington Ave,Racine Ave & Belmont Ave,226.0,casual,5,10,14,14,0.0,4,10
52,09-19-20,5,3,2007,2020,4,1,09-19-20,0,1,71.0,Morgan St & Lake St,Dearborn St & Erie St,110.0,casual,13,7,13,13,0.0,4,10
53,09-19-20,5,3,2022,2106,4,1,09-19-20,0,1,306.0,Sheridan Rd & Buena Ave,Central Park Ave & Elbridge Ave,500.0,casual,84,7,13,13,0.0,4,10
54,09-20-20,6,3,148,217,4,3,09-20-20,0,1,nan,nan,State St & Kinzie St,47.0,casual,69,10,14,14,0.0,4,10
55,09-20-20,6,3,1406,1435,2,2,09-20-20,0,1,585.0,Cottage Grove Ave & 83rd St,nan,nan,casual,29,10,14,14,0.0,4,10
56,09-20-20,6,3,1244,1254,2,1,09-20-20,0,1,627.0,LaSalle Dr & Huron St,Morgan St & Lake St,71.0,casual,10,10,14,14,0.0,4,10
57,09-20-20,6,3,1421,1516,2,3,09-20-20,0,1,168.0,Michigan Ave & 14th St,Michigan Ave & 14th St,168.0,casual,95,10,14,14,0.0,4,10
58,09-20-20,6,3,1539,1547,2,3,09-20-20,0,1,130.0,Damen Ave & Division St,Damen Ave & Pierce Ave,69.0,casual,8,10,14,14,0.0,4,10
59,09-20-20,6,3,1712,1744,3,2,09-20-20,0,1,511.0,Albany Ave & Bloomingdale Ave,Albany Ave & Bloomingdale Ave,511.0,casual,32,10,14,14,0.0,4,10
60,09-20-20,6,3,851,937,1,2,09-20-20,0,1,424.0,Museum of Science and Industry,Shore Dr & 55th St,247.0,casual,86,10,14,14,0.0,4,10
61,09-20-20,6,3,47,205,4,3,09-20-20,0,1,175.0,Wells St & Polk St,Wells St & Polk St,175.0,casual,158,10,14,14,0.0,4,10
62,09-20-20,6,3,1225,1256,2,1,09-20-20,0,1,126.0,Clark St & North Ave,Dearborn Pkwy & Delaware Pl,140.0,casual,31,10,14,14,0.0,4,10
63,09-20-20,6,3,1449,1459,2,3,09-20-20,0,1,84.0,Milwaukee Ave & Grand Ave,Dearborn St & Erie St,110.0,casual,10,10,14,14,0.0,4,10
64,09-20-20,6,3,1753,1827,3,2,09-20-20,0,1,712.0,Wentworth Ave & 104th St,Wentworth Ave & 104th St,712.0,casual,74,10,14,14,0.0,4,10
65,09-20-20,6,3,1655,1700,3,2,09-20-20,0,1,627.0,LaSalle Dr & Huron St,Franklin St & Lake St,164.0,casual,45,10,14,14,0.0,4,10
66,09-20-20,6,3,1054,1100,1,3,09-20-20,0,1,172.0,Rush St & Cedar St,Clark St & North Ave,126.0,casual,46,10,14,14,0.0,4,10
67,09-20-20,6,3,1334,1345,2,2,09-20-20,0,1,673.0,Lincoln Park Conservatory,Clark St & Chicago Ave,337.0,casual,11,10,14,14,0.0,4,10
68,09-20-20,6,3,1124,1133,1,3,09-20-20,0,1,157.0,Lake Shore Dr & Wellington Ave,Lincoln Ave & Diversey Pkwy,152.0,casual,9,10,14,14,0.0,4,10
69,09-25-20,4,3,2035,2114,4,2,09-25-20,0,1,nan,nan,nan,nan,casual,79,6,20,20,0.0,5,10
70,09-25-20,4,3,2050,2123,4,2,09-25-20,0,1,nan,nan,Broadway & Waveland Ave,304.0,casual,73,6,20,20,0.0,5,10
71,09-25-20,4,3,2025,2030,4,1,09-25-20,0,1,110.0,Dearborn St & Erie St,Wells St & Elm St,182.0,casual,5,6,20,20,0.0,5,10
72,09-26-20,5,3,1227,1330,2,1,09-26-20,0,1,nan,nan,nan,nan,casual,103,13,21,21,0.0,6,10
73,09-26-20,5,3,102,226,4,3,09-26-20,0,1,341.0,Adler Planetarium,Shedd Aquarium,3.0,casual,124,13,21,21,0.0,6,10
74,09-26-20,5,3,1549,1625,2,3,09-26-20,0,1,172.0,Rush St & Cedar St,Seeley Ave & Roscoe St,308.0,casual,76,13,21,21,0.0,6,10
75,09-26-20,5,3,1837,1852,3,2,09-26-20,0,1,492.0,Leavitt St & Addison St,Clark St & Wrightwood Ave,340.0,casual,15,13,21,21,0.0,6,10
76,09-26-20,5,3,42,103,4,3,09-26-20,0,1,589.0,Milwaukee Ave & Cuyler Ave,nan,nan,casual,61,13,21,21,0.0,6,10
77,09-26-20,5,3,1504,1525,2,3,09-26-20,0,1,195.0,Columbus Dr & Randolph St,Michigan Ave & Oak St,85.0,casual,21,13,21,21,0.0,6,10
78,09-26-20,5,3,1654,1707,3,2,09-26-20,0,1,215.0,Damen Ave & Madison St,Damen Ave & Madison St,215.0,casual,53,13,21,21,0.0,6,10
79,09-26-20,5,3,1647,1727,3,2,09-26-20,0,1,nan,nan,nan,nan,casual,80,13,21,21,0.0,6,10
80,09-25-20,4,3,2144,2338,4,2,09-25-20,0,1,93.0,Sheffield Ave & Willow St,nan,nan,casual,194,6,20,20,0.0,5,10
81,09-26-20,5,3,1409,1550,2,2,09-26-20,0,1,26.0,McClurg Ct & Illinois St,McClurg Ct & Illinois St,26.0,casual,141,13,21,21,0.0,6,10
82,09-25-20,4,3,2102,2207,4,2,09-25-20,0,1,255.0,Indiana Ave & Roosevelt Rd,Clarendon Ave & Gordon Ter,312.0,casual,105,6,20,20,0.0,5,10
83,09-26-20,5,3,1803,1817,3,2,09-26-20,0,1,nan,W Oakdale Ave & N Broadway,Lakeview Ave & Fullerton Pkwy,313.0,casual,14,13,21,21,0.0,6,10
84,09-26-20,5,3,1301,1308,2,2,09-26-20,0,1,636.0,Orleans St & Hubbard St,nan,nan,casual,7,13,21,21,0.0,6,10
85,09-25-20,4,3,1945,1957,4,1,09-25-20,0,1,308.0,Seeley Ave & Roscoe St,Clark St & Grace St,165.0,casual,12,6,20,20,0.0,5,10
86,09-26-20,5,3,30,42,4,3,09-26-20,0,1,165.0,Clark St & Grace St,nan,nan,casual,12,13,21,21,0.0,6,10
87,09-26-20,5,3,1205,1211,2,1,09-26-20,0,1,627.0,LaSalle Dr & Huron St,Desplaines St & Kinzie St,56.0,casual,6,13,21,21,0.0,6,10
88,09-25-20,4,3,2058,2116,4,2,09-25-20,0,1,199.0,Wabash Ave & Grand Ave,Columbus Dr & Randolph St,195.0,casual,58,6,20,20,0.0,5,10
89,09-26-20,5,3,1245,1311,2,1,09-26-20,0,1,nan,nan,Kedzie Ave & Milwaukee Ave,260.0,casual,66,13,21,21,0.0,6,10
90,09-25-20,4,3,2043,2114,4,2,09-25-20,0,1,453.0,Clark St & Schreiber Ave,Lincoln Ave & Sunnyside Ave,243.0,casual,71,6,20,20,0.0,5,10
91,09-26-20,5,3,907,930,1,3,09-26-20,0,1,123.0,California Ave & Milwaukee Ave,Spaulding Ave & Armitage Ave,506.0,casual,23,13,21,21,0.0,6,10
92,09-26-20,5,3,1252,1327,2,1,09-26-20,0,1,16.0,Paulina Ave & North Ave,Wells St & Polk St,175.0,casual,75,13,21,21,0.0,6,10
93,09-25-20,4,3,2311,2346,4,2,09-25-20,0,1,227.0,Southport Ave & Waveland Ave,nan,nan,casual,35,6,20,20,0.0,5,10
94,09-26-20,5,3,649,703,1,2,09-26-20,0,1,504.0,Campbell Ave & Fullerton Ave,Clybourn Ave & Division St,138.0,casual,54,13,21,21,0.0,6,10
95,09-26-20,5,3,1245,1316,2,1,09-26-20,0,1,120.0,Wentworth Ave & Cermak Rd,nan,nan,casual,71,13,21,21,0.0,6,10
96,09-26-20,5,3,1442,1458,2,3,09-26-20,0,1,2.0,Buckingham Fountain,Buckingham Fountain,2.0,casual,16,13,21,21,0.0,6,10
97,09-26-20,5,3,1513,1614,2,3,09-26-20,0,1,2.0,Buckingham Fountain,nan,nan,casual,101,13,21,21,0.0,6,10
98,09-26-20,5,3,1351,1437,2,2,09-26-20,0,1,150.0,Fort Dearborn Dr & 31st St,Buckingham Fountain,2.0,casual,86,13,21,21,0.0,6,10
99,09-26-20,5,3,1318,1350,2,2,09-26-20,0,1,nan,nan,Fort Dearborn Dr & 31st St,150.0,casual,32,13,21,21,0.0,6,10
100,09-26-20,5,3,1353,1427,2,2,09-26-20,0,1,471.0,Francisco Ave & Foster Ave,Francisco Ave & Foster Ave,471.0,casual,74,13,21,21,0.0,6,10
101,09-26-20,5,3,1417,1630,2,2,09-26-20,0,1,451.0,Sheridan Rd & Loyola Ave,Sheridan Rd & Loyola Ave,451.0,casual,213,13,21,21,0.0,6,10
102,09-26-20,5,3,1142,1148,1,3,09-26-20,0,1,111.0,Sedgwick St & Huron St,Clinton St & Madison St,77.0,casual,6,13,21,21,0.0,6,10
103,09-26-20,5,3,744,751,1,2,09-26-20,0,1,77.0,Clinton St & Madison St,Larrabee St & Kingsbury St,48.0,casual,7,13,21,21,0.0,6,10
104,09-26-20,5,3,1850,1858,3,2,09-26-20,0,1,52.0,Michigan Ave & Lake St,Michigan Ave & Lake St,52.0,casual,8,13,21,21,0.0,6,10
105,09-25-20,4,3,2119,2123,4,2,09-25-20,0,1,331.0,Halsted St & Clybourn Ave,Wells St & Concord Ln,289.0,casual,4,6,20,20,0.0,5,10
106,09-25-20,4,3,1932,1948,4,1,09-25-20,0,1,140.0,Dearborn Pkwy & Delaware Pl,Sedgwick St & Webster Ave,143.0,casual,16,6,20,20,0.0,5,10
107,09-25-20,4,3,1900,1905,4,1,09-25-20,0,1,nan,nan,nan,nan,casual,5,6,20,20,0.0,5,10
108,09-25-20,4,3,2257,2317,4,2,09-25-20,0,1,349.0,Halsted St & Wrightwood Ave,Damen Ave & Pierce Ave,69.0,casual,60,6,20,20,0.0,5,10
109,09-26-20,5,3,1511,1530,2,3,09-26-20,0,1,nan,nan,Milwaukee Ave & Rockwell St,222.0,casual,19,13,21,21,0.0,6,10
110,09-25-20,4,3,1903,1917,4,1,09-25-20,0,1,126.0,Clark St & North Ave,Lincoln Ave & Belmont Ave,131.0,casual,14,6,20,20,0.0,5,10
111,09-26-20,5,3,1505,1527,2,3,09-26-20,0,1,134.0,Peoria St & Jackson Blvd,nan,nan,casual,22,13,21,21,0.0,6,10
112,09-25-20,4,3,1923,1945,4,1,09-25-20,0,1,426.0,Ellis Ave & 60th St,nan,nan,casual,22,6,20,20,0.0,5,10
113,09-26-20,5,3,29,100,4,3,09-26-20,0,1,197.0,Michigan Ave & Madison St,Michigan Ave & Madison St,197.0,casual,71,13,21,21,0.0,6,10
114,09-26-20,5,3,1252,1259,2,1,09-26-20,0,1,459.0,Lakefront Trail & Bryn Mawr Ave,Broadway & Argyle St,295.0,casual,7,13,21,21,0.0,6,10
115,09-26-20,5,3,1251,1429,2,1,09-26-20,0,1,268.0,Lake Shore Dr & North Blvd,Damen Ave & Madison St,215.0,casual,178,13,21,21,0.0,6,10
116,09-25-20,4,3,2102,2107,4,2,09-25-20,0,1,460.0,Clark St & Bryn Mawr Ave,nan,nan,casual,5,6,20,20,0.0,5,10
117,09-30-20,2,3,1904,1909,4,1,09-30-20,0,1,423.0,University Ave & 57th St,Shore Dr & 55th St,247.0,casual,5,13,13,12,0.0,4,10
118,09-30-20,2,3,2222,2225,4,2,09-30-20,0,1,94.0,Clark St & Armitage Ave,Larrabee St & Webster Ave,144.0,casual,3,13,13,12,0.0,4,10
119,09-30-20,2,3,1912,1917,4,1,09-30-20,0,1,333.0,Ashland Ave & Blackhawk St,Honore St & Division St,17.0,casual,5,13,13,12,0.0,4,10
120,09-30-20,2,3,2050,2101,4,2,09-30-20,0,1,289.0,Wells St & Concord Ln,Wilton Ave & Belmont Ave,117.0,casual,51,13,13,12,0.0,4,10
121,09-30-20,2,3,2201,2206,4,2,09-30-20,0,1,288.0,Larrabee St & Armitage Ave,Wells St & Concord Ln,289.0,casual,5,13,13,12,0.0,4,10
122,09-30-20,2,3,2150,2200,4,2,09-30-20,0,1,227.0,Southport Ave & Waveland Ave,nan,nan,casual,50,13,13,12,0.0,4,10
123,09-30-20,2,3,2102,2116,4,2,09-30-20,0,1,69.0,Damen Ave & Pierce Ave,California Ave & Milwaukee Ave,123.0,casual,14,13,13,12,0.0,4,10
124,09-30-20,2,3,2007,2013,4,1,09-30-20,0,1,228.0,Damen Ave & Melrose Ave,Racine Ave & Belmont Ave,226.0,casual,6,13,13,12,0.0,4,10
125,09-30-20,2,3,2228,2232,4,2,09-30-20,0,1,226.0,Racine Ave & Belmont Ave,Damen Ave & Melrose Ave,228.0,casual,4,13,13,12,0.0,4,10
126,09-30-20,2,3,2058,2112,4,2,09-30-20,0,1,672.0,Franklin St & Illinois St,Clark St & Lincoln Ave,141.0,casual,54,13,13,12,0.0,4,10
127,09-30-20,2,3,2223,2227,4,2,09-30-20,0,1,458.0,Broadway & Thorndale Ave,Broadway & Berwyn Ave,294.0,casual,4,13,13,12,0.0,4,10
128,09-30-20,2,3,2232,2235,4,2,09-30-20,0,1,350.0,Ashland Ave & Chicago Ave,Honore St & Division St,17.0,casual,3,13,13,12,0.0,4,10
129,09-30-20,2,3,2252,2256,4,2,09-30-20,0,1,17.0,Honore St & Division St,Western Ave & Walton St,374.0,casual,4,13,13,12,0.0,4,10
130,09-30-20,2,3,1911,1918,4,1,09-30-20,0,1,190.0,Southport Ave & Wrightwood Ave,Clark St & Drummond Pl,220.0,casual,7,13,13,12,0.0,4,10
131,09-20-20,6,3,1905,1933,4,1,09-20-20,0,1,nan,nan,Stockton Dr & Wrightwood Ave,324.0,casual,28,10,14,14,0.0,4,10
132,09-20-20,6,3,2141,2211,4,2,09-20-20,0,1,672.0,Franklin St & Illinois St,Sheffield Ave & Waveland Ave,114.0,casual,70,10,14,14,0.0,4,10
133,09-21-20,0,3,1246,1318,2,1,09-21-20,0,1,325.0,Clark St & Winnemac Ave,Eastlake Ter & Rogers Ave,523.0,casual,72,9,16,15,0.0,5,10
134,09-21-20,0,3,929,934,1,3,09-21-20,0,1,523.0,Eastlake Ter & Rogers Ave,Greenview Ave & Jarvis Ave,520.0,casual,5,9,16,15,0.0,5,10
135,09-21-20,0,3,1812,1821,3,2,09-21-20,0,1,245.0,Clarendon Ave & Junior Ter,Sheffield Ave & Waveland Ave,114.0,casual,9,9,16,15,0.0,5,10
136,09-20-20,6,3,1942,2014,4,1,09-20-20,0,1,nan,nan,nan,nan,casual,72,10,14,14,0.0,4,10
137,09-21-20,0,3,955,1104,1,3,09-21-20,0,1,76.0,Lake Shore Dr & Monroe St,Calumet Ave & 18th St,338.0,casual,149,9,16,15,0.0,5,10
138,09-20-20,6,3,2112,2143,4,2,09-20-20,0,1,260.0,Kedzie Ave & Milwaukee Ave,Racine Ave & 18th St,15.0,casual,31,10,14,14,0.0,4,10
139,09-21-20,0,3,721,743,1,2,09-21-20,0,1,341.0,Adler Planetarium,Milwaukee Ave & Grand Ave,84.0,casual,22,9,16,15,0.0,5,10
140,09-21-20,0,3,1617,1708,3,2,09-21-20,0,1,623.0,Michigan Ave & 8th St,Adler Planetarium,341.0,casual,91,9,16,15,0.0,5,10
141,09-21-20,0,3,1523,1538,2,3,09-21-20,0,1,638.0,Clinton St & Jackson Blvd,Indiana Ave & 31st St,272.0,casual,15,9,16,15,0.0,5,10
142,09-21-20,0,3,1806,1832,3,2,09-21-20,0,1,243.0,Lincoln Ave & Sunnyside Ave,Larrabee St & Oak St,364.0,casual,26,9,16,15,0.0,5,10
143,09-21-20,0,3,1250,1253,2,1,09-21-20,0,1,419.0,Lake Park Ave & 53rd St,Lake Park Ave & 53rd St,419.0,casual,3,9,16,15,0.0,5,10
144,09-21-20,0,3,913,918,1,3,09-21-20,0,1,56.0,Desplaines St & Kinzie St,Orleans St & Chestnut St (NEXT Apts),620.0,casual,5,9,16,15,0.0,5,10
145,09-20-20,6,3,2302,2327,4,2,09-20-20,0,1,406.0,Lake Park Ave & 35th St,Lake Park Ave & 35th St,406.0,casual,25,10,14,14,0.0,4,10
146,09-21-20,0,3,1122,1138,1,3,09-21-20,0,1,3.0,Shedd Aquarium,Lake Shore Dr & Ohio St,99.0,casual,16,9,16,15,0.0,5,10
147,09-21-20,0,3,1032,1032,1,3,09-21-20,0,1,nan,nan,nan,nan,casual,0,9,16,15,0.0,5,10
148,09-20-20,6,3,1956,2000,4,1,09-20-20,0,1,133.0,Kingsbury St & Kinzie St,nan,nan,casual,44,10,14,14,0.0,4,10
149,09-21-20,0,3,947,953,1,3,09-21-20,0,1,nan,nan,nan,nan,casual,6,9,16,15,0.0,5,10
150,09-21-20,0,3,1536,1552,2,3,09-21-20,0,1,60.0,Dayton St & North Ave,Stave St & Armitage Ave,185.0,casual,16,9,16,15,0.0,5,10
151,09-16-20,2,3,2143,2151,4,2,09-16-20,0,1,26.0,McClurg Ct & Illinois St,Wells St & Hubbard St,212.0,casual,8,11,20,20,0.0,6,10
152,09-17-20,3,3,1748,1803,3,2,09-17-20,0,1,199.0,Wabash Ave & Grand Ave,Green St & Madison St,198.0,casual,55,17,17,17,0.0,5,10
153,09-17-20,3,3,1715,1735,3,2,09-17-20,0,1,nan,nan,Wilton Ave & Diversey Pkwy,13.0,casual,20,17,17,17,0.0,5,10
154,09-16-20,2,3,1933,1943,4,1,09-16-20,0,1,313.0,Lakeview Ave & Fullerton Pkwy,Wells St & Elm St,182.0,casual,10,11,20,20,0.0,6,10
155,09-17-20,3,3,1436,1446,2,3,09-17-20,0,1,313.0,Lakeview Ave & Fullerton Pkwy,Logan Blvd & Elston Ave,258.0,casual,10,17,17,17,0.0,5,10
156,09-17-20,3,3,1439,1443,2,3,09-17-20,0,1,515.0,Paulina St & Howard St,Eastlake Ter & Rogers Ave,523.0,casual,4,17,17,17,0.0,5,10
157,09-16-20,2,3,2020,2047,4,1,09-16-20,0,1,nan,nan,nan,nan,casual,27,11,20,20,0.0,6,10
158,09-17-20,3,3,1022,1116,1,3,09-17-20,0,1,251.0,Clarendon Ave & Leland Ave,Clarendon Ave & Leland Ave,251.0,casual,94,17,17,17,0.0,5,10
159,09-17-20,3,3,817,823,1,2,09-17-20,0,1,56.0,Desplaines St & Kinzie St,Noble St & Milwaukee Ave,29.0,casual,6,17,17,17,0.0,5,10
160,09-17-20,3,3,1703,1736,3,2,09-17-20,0,1,603.0,Chicago Ave & Sheridan Rd,University Library (NU),605.0,casual,33,17,17,17,0.0,5,10
161,09-17-20,3,3,133,206,4,3,09-17-20,0,1,171.0,May St & Cullerton St,Wood St & Milwaukee Ave,61.0,casual,73,17,17,17,0.0,5,10
162,09-17-20,3,3,210,222,4,3,09-17-20,0,1,61.0,Wood St & Milwaukee Ave,Kedzie Ave & Milwaukee Ave,260.0,casual,12,17,17,17,0.0,5,10
163,09-17-20,3,3,1749,1758,3,2,09-17-20,0,1,198.0,Green St & Madison St,Kingsbury St & Kinzie St,133.0,casual,9,17,17,17,0.0,5,10
164,09-17-20,3,3,1603,1640,3,2,09-17-20,0,1,116.0,Western Ave & Winnebago Ave,Aberdeen St & Monroe St,80.0,casual,37,17,17,17,0.0,5,10
165,09-16-20,2,3,2042,2141,4,2,09-16-20,0,1,43.0,Michigan Ave & Washington St,State St & Harrison St,5.0,casual,99,11,20,20,0.0,6,10
166,09-17-20,3,3,1728,1759,3,2,09-17-20,0,1,303.0,Broadway & Cornelia Ave,Broadway & Waveland Ave,304.0,casual,31,17,17,17,0.0,5,10
167,09-16-20,2,3,1930,1947,4,1,09-16-20,0,1,100.0,Orleans St & Merchandise Mart Plaza,Halsted St & Wrightwood Ave,349.0,casual,17,11,20,20,0.0,6,10
168,09-17-20,3,3,1633,1647,3,2,09-17-20,0,1,341.0,Adler Planetarium,Orleans St & Merchandise Mart Plaza,100.0,casual,14,17,17,17,0.0,5,10
169,09-17-20,3,3,843,849,1,2,09-17-20,0,1,142.0,McClurg Ct & Erie St,Ritchie Ct & Banks St,180.0,casual,6,17,17,17,0.0,5,10
170,09-17-20,3,3,1611,1618,3,2,09-17-20,0,1,301.0,Clark St & Schiller St,McClurg Ct & Erie St,142.0,casual,7,17,17,17,0.0,5,10
171,09-17-20,3,3,1839,1900,3,2,09-17-20,0,1,416.0,Dorchester Ave & 49th St,Greenwood Ave & 47th St,252.0,casual,61,17,17,17,0.0,5,10
172,09-17-20,3,3,1525,1539,2,3,09-17-20,0,1,302.0,Sheffield Ave & Wrightwood Ave,Walsh Park,628.0,casual,14,17,17,17,0.0,5,10
173,09-17-20,3,3,1708,1722,3,2,09-17-20,0,1,nan,nan,South Shore Dr & 71st St,12.0,casual,14,17,17,17,0.0,5,10
174,09-17-20,3,3,1605,1615,3,2,09-17-20,0,1,247.0,Shore Dr & 55th St,nan,nan,casual,10,17,17,17,0.0,5,10
175,09-17-20,3,3,1351,1357,2,2,09-17-20,0,1,nan,nan,nan,nan,casual,6,17,17,17,0.0,5,10
176,09-17-20,3,3,1312,1320,2,2,09-17-20,0,1,48.0,Larrabee St & Kingsbury St,nan,nan,casual,8,17,17,17,0.0,5,10
177,09-17-20,3,3,1414,1422,2,2,09-17-20,0,1,nan,nan,Franklin St & Chicago Ave,31.0,casual,8,17,17,17,0.0,5,10
178,09-17-20,3,3,1342,1344,2,2,09-17-20,0,1,nan,nan,nan,nan,casual,2,17,17,17,0.0,5,10
179,09-17-20,3,3,1339,1341,2,2,09-17-20,0,1,nan,nan,nan,nan,casual,2,17,17,17,0.0,5,10
180,09-16-20,2,3,2006,2007,4,1,09-16-20,0,1,287.0,Franklin St & Monroe St,Franklin St & Monroe St,287.0,casual,1,11,20,20,0.0,6,10
181,09-04-20,4,3,1340,1349,2,2,09-04-20,0,1,162.0,Damen Ave & Wellington Ave,Clark St & Drummond Pl,220.0,casual,9,10,20,20,0.0,6,10
182,09-03-20,3,3,2251,2328,4,2,09-03-20,0,1,637.0,Wood St & Chicago Ave,Wood St & Chicago Ave,637.0,casual,77,15,24,25,0.0,6,10
183,09-04-20,4,3,1306,1314,2,2,09-04-20,0,1,120.0,Wentworth Ave & Cermak Rd,May St & Cullerton St,171.0,casual,8,10,20,20,0.0,6,10
184,09-04-20,4,3,1719,1806,3,2,09-04-20,0,1,107.0,Desplaines St & Jackson Blvd,Lakefront Trail & Wilson Ave,639.0,casual,87,10,20,20,0.0,6,10
185,09-04-20,4,3,1341,1508,2,2,09-04-20,0,1,181.0,LaSalle St & Illinois St,nan,nan,casual,167,10,20,20,0.0,6,10
186,09-04-20,4,3,1645,1713,3,2,09-04-20,0,1,nan,nan,Western Ave & Granville Ave,452.0,casual,68,10,20,20,0.0,6,10
187,09-04-20,4,3,1817,1838,3,2,09-04-20,0,1,47.0,State St & Kinzie St,Western Ave & Division St,305.0,casual,21,10,20,20,0.0,6,10
188,09-04-20,4,3,1706,1723,3,2,09-04-20,0,1,501.0,Richmond St & Diversey Ave,nan,nan,casual,17,10,20,20,0.0,6,10
189,09-04-20,4,3,1552,1622,2,3,09-04-20,0,1,236.0,Sedgwick St & Schiller St,Western Ave & Winnebago Ave,116.0,casual,70,10,20,20,0.0,6,10
190,09-04-20,4,3,1344,1354,2,2,09-04-20,0,1,94.0,Clark St & Armitage Ave,nan,nan,casual,10,10,20,20,0.0,6,10
191,09-04-20,4,3,1715,1748,3,2,09-04-20,0,1,nan,nan,Southport Ave & Irving Park Rd,318.0,casual,33,10,20,20,0.0,6,10
192,09-04-20,4,3,754,819,1,2,09-04-20,0,1,153.0,Southport Ave & Wellington Ave,St. Clair St & Erie St,211.0,casual,65,10,20,20,0.0,6,10
193,09-04-20,4,3,1043,1048,1,3,09-04-20,0,1,142.0,McClurg Ct & Erie St,Ritchie Ct & Banks St,180.0,casual,5,10,20,20,0.0,6,10
194,09-04-20,4,3,1525,1603,2,3,09-04-20,0,1,157.0,Lake Shore Dr & Wellington Ave,Broadway & Barry Ave,300.0,casual,78,10,20,20,0.0,6,10
195,09-04-20,4,3,1349,1421,2,2,09-04-20,0,1,431.0,Eberhart Ave & 61st St,Lake Park Ave & 53rd St,419.0,casual,72,10,20,20,0.0,6,10
196,09-04-20,4,3,1534,1541,2,3,09-04-20,0,1,nan,nan,Franklin St & Chicago Ave,31.0,casual,7,10,20,20,0.0,6,10
197,09-04-20,4,3,1214,1218,2,1,09-04-20,0,1,nan,nan,nan,nan,casual,4,10,20,20,0.0,6,10
198,09-04-20,4,3,1249,1301,2,1,09-04-20,0,1,nan,nan,nan,nan,casual,52,10,20,20,0.0,6,10
199,09-04-20,4,3,1517,1529,2,3,09-04-20,0,1,nan,nan,nan,nan,casual,12,10,20,20,0.0,6,10
200,09-04-20,4,3,1843,1854,3,2,09-04-20,0,1,237.0,MLK Jr Dr & 29th St,Wabash Ave & Roosevelt Rd,59.0,casual,11,10,20,20,0.0,6,10
201,09-04-20,4,3,1225,1233,2,1,09-04-20,0,1,61.0,Wood St & Milwaukee Ave,Sheffield Ave & Kingsbury St,20.0,member,8,10,20,20,0.0,6,10
202,09-04-20,4,3,1724,1740,3,2,09-04-20,0,1,nan,nan,Damen Ave & Pierce Ave,69.0,member,16,10,20,20,0.0,6,10
203,09-22-20,1,3,2046,2117,4,2,09-22-20,0,1,147.0,Indiana Ave & 26th St,Greenwood Ave & 47th St,252.0,casual,71,8,18,18,0.0,5,10
204,09-23-20,2,3,1728,1744,3,2,09-23-20,0,1,507.0,Humboldt Blvd & Armitage Ave,Damen Ave & Cortland St,219.0,casual,16,7,19,19,0.0,5,10
205,09-23-20,2,3,1841,1855,3,2,09-23-20,0,1,128.0,Damen Ave & Chicago Ave,Rush St & Cedar St,172.0,casual,14,7,19,19,0.0,5,10
206,09-23-20,2,3,1656,1732,3,2,09-23-20,0,1,332.0,Burling St & Diversey Pkwy,nan,nan,casual,76,7,19,19,0.0,5,10
207,09-23-20,2,3,1819,1834,3,2,09-23-20,0,1,53.0,Wells St & Huron St,Clark St & Armitage Ave,94.0,casual,15,7,19,19,0.0,5,10
208,09-23-20,2,3,1210,1246,2,1,09-23-20,0,1,286.0,Franklin St & Adams St (Temp),Lakefront Trail & Bryn Mawr Ave,459.0,casual,36,7,19,19,0.0,5,10
209,09-23-20,2,3,1712,1724,3,2,09-23-20,0,1,520.0,Greenview Ave & Jarvis Ave,Eastlake Ter & Rogers Ave,523.0,casual,12,7,19,19,0.0,5,10
210,09-23-20,2,3,1241,1245,2,1,09-23-20,0,1,523.0,Eastlake Ter & Rogers Ave,Greenview Ave & Jarvis Ave,520.0,casual,4,7,19,19,0.0,5,10
211,09-23-20,2,3,1839,1852,3,2,09-23-20,0,1,84.0,Milwaukee Ave & Grand Ave,Racine Ave & Fullerton Ave,87.0,casual,13,7,19,19,0.0,5,10
212,09-23-20,2,3,46,46,4,3,09-23-20,0,1,173.0,Mies van der Rohe Way & Chicago Ave,Mies van der Rohe Way & Chicago Ave,173.0,casual,0,7,19,19,0.0,5,10
213,09-23-20,2,3,526,550,1,1,09-23-20,0,1,15.0,Racine Ave & 18th St,Albany Ave & Bloomingdale Ave,511.0,casual,24,7,19,19,0.0,5,10
214,09-23-20,2,3,1518,1800,2,3,09-23-20,0,1,435.0,Kedzie Ave & Roosevelt Rd,Indiana Ave & Roosevelt Rd,255.0,casual,282,7,19,19,0.0,5,10
215,09-23-20,2,3,1559,1610,2,3,09-23-20,0,1,514.0,Ridge Blvd & Howard St,Benson Ave & Church St,596.0,casual,51,7,19,19,0.0,5,10
216,09-23-20,2,3,1641,1653,3,2,09-23-20,0,1,nan,nan,nan,nan,casual,12,7,19,19,0.0,5,10
217,09-23-20,2,3,858,903,1,2,09-23-20,0,1,192.0,Canal St & Adams St,LaSalle St & Washington St,98.0,casual,45,7,19,19,0.0,5,10
218,09-23-20,2,3,747,812,1,2,09-23-20,0,1,128.0,Damen Ave & Chicago Ave,Lakeview Ave & Fullerton Pkwy,313.0,casual,65,7,19,19,0.0,5,10
219,09-23-20,2,3,937,943,1,3,09-23-20,0,1,99.0,Lake Shore Dr & Ohio St,Ritchie Ct & Banks St,180.0,casual,6,7,19,19,0.0,5,10
220,09-23-20,2,3,1719,1725,3,2,09-23-20,0,1,180.0,Ritchie Ct & Banks St,McClurg Ct & Erie St,142.0,casual,6,7,19,19,0.0,5,10
221,09-23-20,2,3,1533,1614,2,3,09-23-20,0,1,419.0,Lake Park Ave & 53rd St,South Shore Dr & 71st St,12.0,casual,81,7,19,19,0.0,5,10
222,09-23-20,2,3,1301,1317,2,2,09-23-20,0,1,111.0,Sedgwick St & Huron St,Michigan Ave & Pearson St,25.0,casual,16,7,19,19,0.0,5,10
223,09-23-20,2,3,1427,1435,2,3,09-23-20,0,1,173.0,Mies van der Rohe Way & Chicago Ave,Sedgwick St & Huron St,111.0,casual,8,7,19,19,0.0,5,10
224,09-22-20,1,3,2251,2257,4,2,09-22-20,0,1,66.0,Clinton St & Lake St,nan,nan,casual,6,8,18,18,0.0,5,10
225,09-23-20,2,3,1652,1710,3,2,09-23-20,0,1,331.0,Halsted St & Clybourn Ave,Milwaukee Ave & Rockwell St,222.0,casual,58,7,19,19,0.0,5,10
226,09-16-20,2,3,1748,1803,3,2,09-16-20,0,1,29.0,Noble St & Milwaukee Ave,Cityfront Plaza Dr & Pioneer Ct,196.0,casual,55,11,20,20,0.0,6,10
227,09-16-20,2,3,1438,1451,2,3,09-16-20,0,1,258.0,Logan Blvd & Elston Ave,Lakeview Ave & Fullerton Pkwy,313.0,casual,13,11,20,20,0.0,6,10
228,09-16-20,2,3,1523,1558,2,3,09-16-20,0,1,286.0,Franklin St & Adams St (Temp),Lakefront Trail & Bryn Mawr Ave,459.0,casual,35,11,20,20,0.0,6,10
229,09-15-20,1,3,2100,2105,4,2,09-15-20,0,1,520.0,Greenview Ave & Jarvis Ave,Eastlake Ter & Rogers Ave,523.0,casual,5,10,17,17,0.0,5,10
230,09-16-20,2,3,1314,1318,2,2,09-16-20,0,1,523.0,Eastlake Ter & Rogers Ave,Greenview Ave & Jarvis Ave,520.0,casual,4,11,20,20,0.0,6,10
231,09-16-20,2,3,1807,1832,3,2,09-16-20,0,1,532.0,Austin Blvd & Lake St,nan,nan,casual,25,11,20,20,0.0,6,10
232,09-16-20,2,3,102,204,4,3,09-16-20,0,1,59.0,Wabash Ave & Roosevelt Rd,Wabash Ave & Roosevelt Rd,59.0,casual,102,11,20,20,0.0,6,10
233,09-16-20,2,3,1439,1621,2,3,09-16-20,0,1,nan,nan,nan,nan,casual,182,11,20,20,0.0,6,10
234,09-16-20,2,3,1248,1323,2,1,09-16-20,0,1,59.0,Wabash Ave & Roosevelt Rd,Lake Shore Dr & North Blvd,268.0,casual,75,11,20,20,0.0,6,10
235,09-16-20,2,3,1249,1255,2,1,09-16-20,0,1,320.0,Loomis St & Lexington St,Hermitage Ave & Polk St,261.0,casual,6,11,20,20,0.0,6,10
236,09-16-20,2,3,1739,1743,3,2,09-16-20,0,1,320.0,Loomis St & Lexington St,May St & Taylor St,22.0,casual,4,11,20,20,0.0,6,10
237,09-16-20,2,3,1544,1556,2,3,09-16-20,0,1,321.0,Wabash Ave & 9th St,Clark St & Lake St,38.0,casual,12,11,20,20,0.0,6,10
238,09-16-20,2,3,1413,1428,2,2,09-16-20,0,1,nan,nan,Canal St & Taylor St,414.0,casual,15,11,20,20,0.0,6,10
239,09-16-20,2,3,1536,1542,2,3,09-16-20,0,1,638.0,Clinton St & Jackson Blvd,Michigan Ave & Jackson Blvd,284.0,casual,6,11,20,20,0.0,6,10
240,09-16-20,2,3,1633,1650,3,2,09-16-20,0,1,341.0,Adler Planetarium,Wells St & Hubbard St,212.0,casual,17,11,20,20,0.0,6,10
241,09-16-20,2,3,731,747,1,2,09-16-20,0,1,364.0,Larrabee St & Oak St,Lincoln Ave & Belmont Ave,131.0,casual,16,11,20,20,0.0,6,10
242,09-16-20,2,3,1624,1630,3,2,09-16-20,0,1,268.0,Lake Shore Dr & North Blvd,Lake Shore Dr & Ohio St,99.0,casual,6,11,20,20,0.0,6,10
243,09-16-20,2,3,1616,1630,3,2,09-16-20,0,1,333.0,Ashland Ave & Blackhawk St,Halsted St & Wrightwood Ave,349.0,casual,14,11,20,20,0.0,6,10
244,09-16-20,2,3,1553,1623,2,3,09-16-20,0,1,nan,nan,nan,nan,casual,70,11,20,20,0.0,6,10
245,09-16-20,2,3,1505,1517,2,3,09-16-20,0,1,48.0,Larrabee St & Kingsbury St,Dayton St & North Ave,60.0,casual,12,11,20,20,0.0,6,10
246,09-16-20,2,3,1601,1603,3,2,09-16-20,0,1,nan,nan,nan,nan,casual,2,11,20,20,0.0,6,10
247,09-16-20,2,3,1530,1536,2,3,09-16-20,0,1,60.0,Dayton St & North Ave,nan,nan,casual,6,11,20,20,0.0,6,10
248,09-16-20,2,3,1533,1551,2,3,09-16-20,0,1,49.0,Dearborn St & Monroe St,Dayton St & North Ave,60.0,casual,18,11,20,20,0.0,6,10
249,09-16-20,2,3,928,931,1,3,09-16-20,0,1,nan,nan,Wells St & Walton St,46.0,casual,3,11,20,20,0.0,6,10
250,09-16-20,2,3,909,915,1,3,09-16-20,0,1,53.0,Wells St & Huron St,nan,nan,casual,6,11,20,20,0.0,6,10
251,09-16-20,2,3,932,934,1,3,09-16-20,0,1,46.0,Wells St & Walton St,Wells St & Huron St,53.0,casual,2,11,20,20,0.0,6,10
252,09-04-20,4,3,2302,2326,4,2,09-04-20,0,1,507.0,Humboldt Blvd & Armitage Ave,Sangamon St & Washington Blvd,233.0,casual,24,10,20,20,0.0,6,10
253,09-05-20,5,3,121,144,4,3,09-05-20,0,1,24.0,Fairbanks Ct & Grand Ave,Humboldt Blvd & Armitage Ave,507.0,casual,23,15,21,21,0.0,6,10
254,09-04-20,4,3,2020,2021,4,1,09-04-20,0,1,166.0,Ashland Ave & Wrightwood Ave,Ashland Ave & Wrightwood Ave,166.0,casual,1,10,20,20,0.0,6,10
255,09-05-20,5,3,36,41,4,3,09-05-20,0,1,620.0,Orleans St & Chestnut St (NEXT Apts),State St & Pearson St,106.0,casual,5,15,21,21,0.0,6,10
256,09-04-20,4,3,2228,2239,4,2,09-04-20,0,1,198.0,Green St & Madison St,Orleans St & Chestnut St (NEXT Apts),620.0,casual,11,10,20,20,0.0,6,10
257,09-04-20,4,3,1939,1942,4,1,09-04-20,0,1,520.0,Greenview Ave & Jarvis Ave,Eastlake Ter & Rogers Ave,523.0,casual,3,10,20,20,0.0,6,10
258,09-05-20,5,3,1217,1221,2,1,09-05-20,0,1,517.0,Clark St & Jarvis Ave,Clark St & Lunt Ave,432.0,casual,4,15,21,21,0.0,6,10
259,09-05-20,5,3,1812,1826,3,2,09-05-20,0,1,nan,nan,nan,nan,casual,14,15,21,21,0.0,6,10
260,09-05-20,5,3,1658,1734,3,2,09-05-20,0,1,nan,nan,nan,nan,casual,76,15,21,21,0.0,6,10
261,09-05-20,5,3,1821,1835,3,2,09-05-20,0,1,28.0,Larrabee St & Menomonee St,Halsted St & Wrightwood Ave,349.0,casual,14,15,21,21,0.0,6,10
262,09-05-20,5,3,1737,1748,3,2,09-05-20,0,1,532.0,Austin Blvd & Lake St,nan,nan,casual,11,15,21,21,0.0,6,10
263,09-05-20,5,3,114,128,4,3,09-05-20,0,1,nan,nan,nan,nan,casual,14,15,21,21,0.0,6,10
264,09-04-20,4,3,2338,2354,4,2,09-04-20,0,1,304.0,Broadway & Waveland Ave,nan,nan,casual,16,10,20,20,0.0,6,10
265,09-04-20,4,3,2157,2211,4,2,09-04-20,0,1,457.0,Clark St & Elmdale Ave,Clark St & Leland Ave,326.0,casual,54,10,20,20,0.0,6,10
266,09-05-20,5,3,1447,1500,2,3,09-05-20,0,1,654.0,Racine Ave & Washington Blvd,Racine Ave & Washington Blvd,654.0,casual,53,15,21,21,0.0,6,10
267,09-05-20,5,3,1626,1627,3,2,09-05-20,0,1,454.0,Broadway & Granville Ave,Broadway & Granville Ave,454.0,casual,1,15,21,21,0.0,6,10
268,09-05-20,5,3,1242,1326,2,1,09-05-20,0,1,35.0,Streeter Dr & Grand Ave,Shore Dr & 55th St,247.0,casual,84,15,21,21,0.0,6,10
269,09-05-20,5,3,1143,1215,1,3,09-05-20,0,1,328.0,Ellis Ave & 58th St,South Shore Dr & 67th St,355.0,casual,72,15,21,21,0.0,6,10
270,09-05-20,5,3,1142,1215,1,3,09-05-20,0,1,24.0,Fairbanks Ct & Grand Ave,Stetson Ave & South Water St,264.0,casual,73,15,21,21,0.0,6,10
271,09-05-20,5,3,1258,1350,2,1,09-05-20,0,1,120.0,Wentworth Ave & Cermak Rd,Wells St & Evergreen Ave,291.0,casual,92,15,21,21,0.0,6,10
272,09-05-20,5,3,1511,1524,2,3,09-05-20,0,1,16.0,Paulina Ave & North Ave,nan,nan,casual,13,15,21,21,0.0,6,10
273,09-05-20,5,3,1537,1555,2,3,09-05-20,0,1,nan,nan,Michigan Ave & Pearson St,25.0,casual,18,15,21,21,0.0,6,10
274,09-04-20,4,3,2326,2339,4,2,09-04-20,0,1,87.0,Racine Ave & Fullerton Ave,Richmond St & Diversey Ave,501.0,casual,13,10,20,20,0.0,6,10
275,09-05-20,5,3,157,228,4,3,09-05-20,0,1,76.0,Lake Shore Dr & Monroe St,Michigan Ave & 18th St,273.0,casual,71,15,21,21,0.0,6,10
276,09-05-20,5,3,19,142,4,3,09-05-20,0,1,273.0,Michigan Ave & 18th St,nan,nan,casual,123,15,21,21,0.0,6,10
277,09-05-20,5,3,1110,1154,1,3,09-05-20,0,1,503.0,Drake Ave & Fullerton Ave,Clark St & Wrightwood Ave,340.0,casual,44,15,21,21,0.0,6,10
278,09-05-20,5,3,808,819,1,2,09-05-20,0,1,272.0,Indiana Ave & 31st St,Halsted St & 21st St,135.0,casual,11,15,21,21,0.0,6,10
279,09-05-20,5,3,1221,1228,2,1,09-05-20,0,1,35.0,Streeter Dr & Grand Ave,Ritchie Ct & Banks St,180.0,casual,7,15,21,21,0.0,6,10
280,09-04-20,4,3,2007,2024,4,1,09-04-20,0,1,294.0,Broadway & Berwyn Ave,Pine Grove Ave & Waveland Ave,232.0,casual,17,10,20,20,0.0,6,10
281,09-05-20,5,3,1044,1114,1,3,09-05-20,0,1,43.0,Michigan Ave & Washington St,Streeter Dr & Grand Ave,35.0,casual,70,15,21,21,0.0,6,10
282,09-05-20,5,3,1226,1343,2,1,09-05-20,0,1,328.0,Ellis Ave & 58th St,Blue Island Ave & 18th St,129.0,casual,117,15,21,21,0.0,6,10
283,09-05-20,5,3,1430,1437,2,3,09-05-20,0,1,74.0,Kingsbury St & Erie St,nan,nan,casual,7,15,21,21,0.0,6,10
284,09-05-20,5,3,653,706,1,2,09-05-20,0,1,624.0,Dearborn St & Van Buren St,MLK Jr Dr & 29th St,237.0,casual,53,15,21,21,0.0,6,10
285,09-05-20,5,3,814,821,1,2,09-05-20,0,1,237.0,MLK Jr Dr & 29th St,Michigan Ave & 18th St,273.0,casual,7,15,21,21,0.0,6,10
286,09-11-20,4,3,144,152,4,3,09-11-20,0,1,632.0,Clark St & Newport St,nan,nan,casual,8,11,18,18,0.0,4,10
287,09-11-20,4,3,759,809,1,2,09-11-20,0,1,186.0,Ogden Ave & Race Ave,Michigan Ave & Pearson St,25.0,casual,50,11,18,18,0.0,4,10
288,09-11-20,4,3,1259,1335,2,1,09-11-20,0,1,57.0,Clinton St & Roosevelt Rd,Racine Ave & 18th St,15.0,casual,76,11,18,18,0.0,4,10
289,09-11-20,4,3,1717,1723,3,2,09-11-20,0,1,59.0,Wabash Ave & Roosevelt Rd,nan,nan,casual,6,11,18,18,0.0,4,10
290,09-11-20,4,3,1233,1243,2,1,09-11-20,0,1,323.0,Sheridan Rd & Lawrence Ave,Broadway & Waveland Ave,304.0,casual,10,11,18,18,0.0,4,10
291,09-11-20,4,3,955,1006,1,3,09-11-20,0,1,195.0,Columbus Dr & Randolph St,Desplaines St & Jackson Blvd,107.0,casual,51,11,18,18,0.0,4,10
292,09-11-20,4,3,1721,1757,3,2,09-11-20,0,1,24.0,Fairbanks Ct & Grand Ave,California Ave & Altgeld St,502.0,casual,36,11,18,18,0.0,4,10
293,09-11-20,4,3,1854,1901,3,2,09-11-20,0,1,144.0,Larrabee St & Webster Ave,Clark St & Drummond Pl,220.0,casual,47,11,18,18,0.0,4,10
294,09-11-20,4,3,1708,1718,3,2,09-11-20,0,1,112.0,Green St & Randolph St,Halsted St & Dickens Ave,225.0,casual,10,11,18,18,0.0,4,10
295,09-30-20,2,3,1904,1934,4,1,09-30-20,0,1,672.0,Franklin St & Illinois St,Malcolm X College,631.0,casual,30,13,13,12,0.0,4,10
296,09-30-20,2,3,2020,2040,4,1,09-30-20,0,1,71.0,Morgan St & Lake St,Burling St & Diversey Pkwy,332.0,casual,20,13,13,12,0.0,4,10
297,09-30-20,2,3,1920,1955,4,1,09-30-20,0,1,673.0,Lincoln Park Conservatory,nan,nan,casual,35,13,13,12,0.0,4,10
298,09-30-20,2,3,2015,2035,4,1,09-30-20,0,1,13.0,Wilton Ave & Diversey Pkwy,Mies van der Rohe Way & Chestnut St,145.0,casual,20,13,13,12,0.0,4,10
299,09-30-20,2,3,2106,2136,4,2,09-30-20,0,1,664.0,Leavitt St & Belmont Ave,nan,nan,casual,30,13,13,12,0.0,4,10
300,09-30-20,2,3,2326,2346,4,2,09-30-20,0,1,301.0,Clark St & Schiller St,Clark St & Wellington Ave,156.0,casual,20,13,13,12,0.0,4,10
301,09-01-20,1,3,1059,1116,1,3,09-01-20,0,1,123.0,California Ave & Milwaukee Ave,Kosciuszko Park,499.0,casual,57,9,22,22,0.2,5,7
302,09-01-20,1,3,854,910,1,2,09-01-20,0,1,499.0,Kosciuszko Park,California Ave & Milwaukee Ave,123.0,casual,56,9,22,22,0.2,5,7
303,09-01-20,1,3,1247,1301,2,1,09-01-20,0,1,212.0,Wells St & Hubbard St,Larrabee St & North Ave,27.0,casual,54,9,22,22,0.2,5,7
304,09-01-20,1,3,1055,1104,1,3,09-01-20,0,1,66.0,Clinton St & Lake St,Ogden Ave & Race Ave,186.0,casual,49,9,22,22,0.2,5,7
305,09-01-20,1,3,1112,1135,1,3,09-01-20,0,1,284.0,Michigan Ave & Jackson Blvd,Lake Shore Dr & Wellington Ave,157.0,casual,23,9,22,22,0.2,5,7
306,09-01-20,1,3,1652,1657,3,2,09-01-20,0,1,nan,nan,nan,nan,casual,5,9,22,22,0.2,5,7
307,09-01-20,1,3,1244,1256,2,1,09-01-20,0,1,325.0,Clark St & Winnemac Ave,Christiana Ave & Lawrence Ave,474.0,casual,12,9,22,22,0.2,5,7
308,09-13-20,6,3,1946,1955,4,1,09-13-20,0,1,nan,nan,Sheridan Rd & Buena Ave,306.0,casual,9,7,20,20,0.2,4,10
309,09-14-20,0,3,1333,1402,2,2,09-14-20,0,1,459.0,Lakefront Trail & Bryn Mawr Ave,Montrose Harbor,249.0,casual,69,13,18,18,0.0,5,10
310,09-14-20,0,3,1411,1422,2,2,09-14-20,0,1,249.0,Montrose Harbor,Marine Dr & Ainslie St,465.0,casual,11,13,18,18,0.0,5,10
311,09-14-20,0,3,1307,1402,2,2,09-14-20,0,1,472.0,Lincoln Ave & Winona St,nan,nan,casual,95,13,18,18,0.0,5,10
312,09-13-20,6,3,1957,2003,4,1,09-13-20,0,1,175.0,Wells St & Polk St,Indiana Ave & Roosevelt Rd,255.0,casual,46,7,20,20,0.2,4,10
313,09-13-20,6,3,1920,1938,4,1,09-13-20,0,1,621.0,Aberdeen St & Randolph St,Wells St & Concord Ln,289.0,casual,18,7,20,20,0.2,4,10
314,09-14-20,0,3,1749,1814,3,2,09-14-20,0,1,463.0,Clark St & Berwyn Ave,Clark St & Leland Ave,326.0,casual,65,13,18,18,0.0,5,10
315,09-14-20,0,3,348,404,4,3,09-14-20,0,1,620.0,Orleans St & Chestnut St (NEXT Apts),nan,nan,casual,56,13,18,18,0.0,5,10
316,09-13-20,6,3,2214,2253,4,2,09-13-20,0,1,26.0,McClurg Ct & Illinois St,McClurg Ct & Illinois St,26.0,casual,39,7,20,20,0.2,4,10
317,09-13-20,6,3,2212,2236,4,2,09-13-20,0,1,346.0,Ada St & Washington Blvd,nan,nan,casual,24,7,20,20,0.2,4,10
318,09-14-20,0,3,1735,1748,3,2,09-14-20,0,1,176.0,Clark St & Elm St,Sedgwick St & North Ave,118.0,casual,13,13,18,18,0.0,5,10
319,09-14-20,0,3,1712,1721,3,2,09-14-20,0,1,210.0,Ashland Ave & Division St,Western Ave & Walton St,374.0,casual,9,13,18,18,0.0,5,10
320,09-13-20,6,3,2153,2207,4,2,09-13-20,0,1,77.0,Clinton St & Madison St,California Ave & Milwaukee Ave,123.0,casual,54,7,20,20,0.2,4,10
321,09-14-20,0,3,1610,1613,3,2,09-14-20,0,1,nan,nan,nan,nan,casual,3,13,18,18,0.0,5,10
322,09-14-20,0,3,1614,1717,3,2,09-14-20,0,1,nan,nan,nan,nan,casual,103,13,18,18,0.0,5,10
323,09-14-20,0,3,1835,1910,3,2,09-14-20,0,1,277.0,Ashland Ave & Grand Ave,Ashland Ave & Grand Ave,277.0,casual,75,13,18,18,0.0,5,10
324,09-13-20,6,3,1924,1934,4,1,09-13-20,0,1,17.0,Honore St & Division St,Western Ave & Winnebago Ave,116.0,casual,10,7,20,20,0.2,4,10
325,09-14-20,0,3,1155,1215,2,1,09-14-20,0,1,41.0,Federal St & Polk St,Carpenter St & Huron St,92.0,casual,60,13,18,18,0.0,5,10
326,09-14-20,0,3,1708,1735,3,2,09-14-20,0,1,164.0,Franklin St & Lake St,Franklin St & Lake St,164.0,casual,27,13,18,18,0.0,5,10
327,09-13-20,6,3,2206,2214,4,2,09-13-20,0,1,334.0,Lake Shore Dr & Belmont Ave,Lincoln Ave & Fullerton Ave,127.0,casual,8,7,20,20,0.2,4,10
328,09-13-20,6,3,1944,1954,4,1,09-13-20,0,1,nan,W Armitage Ave & N Sheffield Ave,Stave St & Armitage Ave,185.0,casual,10,7,20,20,0.2,4,10
329,09-14-20,0,3,1250,1300,2,1,09-14-20,0,1,212.0,Wells St & Hubbard St,Orleans St & Chestnut St (NEXT Apts),620.0,casual,50,13,18,18,0.0,5,10
330,09-05-20,5,3,1745,1817,3,2,09-05-20,0,1,52.0,Michigan Ave & Lake St,Broadway & Waveland Ave,304.0,casual,72,15,21,21,0.0,6,10
331,09-05-20,5,3,1744,1755,3,2,09-05-20,0,1,74.0,Kingsbury St & Erie St,Wells St & Evergreen Ave,291.0,casual,11,15,21,21,0.0,6,10
332,09-05-20,5,3,1711,1733,3,2,09-05-20,0,1,302.0,Sheffield Ave & Wrightwood Ave,Mies van der Rohe Way & Chicago Ave,173.0,casual,22,15,21,21,0.0,6,10
333,09-04-20,4,3,2055,2123,4,2,09-04-20,0,1,332.0,Burling St (Halsted) & Diversey Pkwy (Temp),Milwaukee Ave & Grand Ave,84.0,casual,68,10,20,20,0.0,6,10
334,09-05-20,5,3,1402,1417,2,2,09-05-20,0,1,152.0,Lincoln Ave & Diversey Pkwy,Eckhart Park,86.0,casual,15,15,21,21,0.0,6,10
335,09-04-20,4,3,1914,1929,4,1,09-04-20,0,1,59.0,Wabash Ave & Roosevelt Rd,Streeter Dr & Grand Ave,35.0,casual,15,10,20,20,0.0,6,10
336,09-05-20,5,3,1521,1523,2,3,09-05-20,0,1,nan,nan,nan,nan,casual,2,15,21,21,0.0,6,10
337,09-04-20,4,3,1949,2037,4,1,09-04-20,0,1,120.0,Wentworth Ave & Cermak Rd,Kimbark Ave & 53rd St,322.0,casual,88,10,20,20,0.0,6,10
338,09-05-20,5,3,1139,1224,1,3,09-05-20,0,1,505.0,Winchester Ave & Elston Ave,Daley Center Plaza,81.0,casual,85,15,21,21,0.0,6,10
339,09-05-20,5,3,1316,1641,2,2,09-05-20,0,1,7.0,Field Blvd & South Water St,McClurg Ct & Illinois St,26.0,casual,325,15,21,21,0.0,6,10
340,09-05-20,5,3,1527,1537,2,3,09-05-20,0,1,315.0,Elston Ave & Wabansia Ave,Green St & Madison St,198.0,casual,10,15,21,21,0.0,6,10
341,09-05-20,5,3,1237,1253,2,1,09-05-20,0,1,264.0,Stetson Ave & South Water St,Streeter Dr & Grand Ave,35.0,casual,16,15,21,21,0.0,6,10
342,09-04-20,4,3,2320,2332,4,2,09-04-20,0,1,288.0,Larrabee St & Armitage Ave,Rush St & Cedar St,172.0,casual,12,10,20,20,0.0,6,10
343,09-05-20,5,3,1438,1459,2,3,09-05-20,0,1,35.0,Streeter Dr & Grand Ave,Wabash Ave & 9th St,321.0,casual,21,15,21,21,0.0,6,10
344,09-04-20,4,3,2143,2155,4,2,09-04-20,0,1,198.0,Green St & Madison St,Wells St & Hubbard St,212.0,casual,12,10,20,20,0.0,6,10
345,09-04-20,4,3,1910,1918,4,1,09-04-20,0,1,499.0,Kosciuszko Park,nan,nan,casual,8,10,20,20,0.0,6,10
346,09-05-20,5,3,1717,1733,3,2,09-05-20,0,1,196.0,Cityfront Plaza Dr & Pioneer Ct,nan,nan,casual,16,15,21,21,0.0,6,10
347,09-05-20,5,3,1739,1820,3,2,09-05-20,0,1,nan,nan,nan,nan,casual,81,15,21,21,0.0,6,10
348,09-05-20,5,3,1256,1310,2,1,09-05-20,0,1,180.0,Ritchie Ct & Banks St,Lake Shore Dr & Wellington Ave,157.0,casual,54,15,21,21,0.0,6,10
349,09-05-20,5,3,1217,1240,2,1,09-05-20,0,1,194.0,Wabash Ave & Wacker Pl,Adler Planetarium,341.0,casual,23,15,21,21,0.0,6,10
350,09-05-20,5,3,1500,1522,2,3,09-05-20,0,1,321.0,Wabash Ave & 9th St,Morgan St & 18th St,14.0,casual,22,15,21,21,0.0,6,10
351,09-05-20,5,3,1328,1345,2,2,09-05-20,0,1,304.0,Broadway & Waveland Ave,Lakefront Trail & Bryn Mawr Ave,459.0,casual,17,15,21,21,0.0,6,10
352,09-05-20,5,3,1857,1916,3,2,09-05-20,0,1,459.0,Lakefront Trail & Bryn Mawr Ave,Broadway & Sheridan Rd,256.0,casual,59,15,21,21,0.0,6,10
353,09-05-20,5,3,1432,1527,2,3,09-05-20,0,1,92.0,Carpenter St & Huron St,Carpenter St & Huron St,92.0,casual,95,15,21,21,0.0,6,10
354,09-04-20,4,3,2134,2148,4,2,09-04-20,0,1,322.0,Kimbark Ave & 53rd St,Kimbark Ave & 53rd St,322.0,casual,14,10,20,20,0.0,6,10
355,09-05-20,5,3,1352,1400,2,2,09-05-20,0,1,176.0,Clark St & Elm St,LaSalle St & Illinois St,181.0,casual,48,15,21,21,0.0,6,10
356,09-01-20,1,3,1248,1255,2,1,09-01-20,0,1,111.0,Sedgwick St & Huron St,Ogden Ave & Race Ave,186.0,casual,7,9,22,22,0.2,5,7
357,09-01-20,1,3,824,854,1,2,09-01-20,0,1,27.0,Larrabee St & North Ave,Clark St & Armitage Ave,94.0,casual,30,9,22,22,0.2,5,7
358,09-01-20,1,3,1035,1039,1,3,09-01-20,0,1,359.0,Larrabee St & Division St,Wells St & Elm St,182.0,casual,4,9,22,22,0.2,5,7
359,09-11-20,4,3,615,626,1,1,09-11-20,0,1,436.0,Fairfield Ave & Roosevelt Rd,Kedzie Ave & Lake St,377.0,casual,11,11,18,18,0.0,4,10
360,09-10-20,3,3,2251,2306,4,2,09-10-20,0,1,56.0,Desplaines St & Kinzie St,Clark St & Armitage Ave,94.0,casual,55,14,18,18,0.0,4,10
361,09-11-20,4,3,1748,1759,3,2,09-11-20,0,1,333.0,Ashland Ave & Blackhawk St,California Ave & Milwaukee Ave,123.0,casual,11,11,18,18,0.0,4,10
362,09-11-20,4,3,1713,1724,3,2,09-11-20,0,1,604.0,Sheridan Rd & Noyes St (NU),Chicago Ave & Washington St,597.0,casual,11,11,18,18,0.0,4,10
363,09-11-20,4,3,1819,1822,3,2,09-11-20,0,1,625.0,Chicago Ave & Dempster St,Chicago Ave & Washington St,597.0,casual,3,11,18,18,0.0,4,10
364,09-11-20,4,3,1558,1613,2,3,09-11-20,0,1,nan,nan,Aberdeen St & Randolph St,621.0,casual,55,11,18,18,0.0,4,10
365,09-11-20,4,3,1516,1554,2,3,09-11-20,0,1,112.0,Green St & Randolph St,nan,nan,casual,38,11,18,18,0.0,4,10
366,09-11-20,4,3,1401,1422,2,2,09-11-20,0,1,261.0,Hermitage Ave & Polk St,Aberdeen St & Randolph St,621.0,casual,21,11,18,18,0.0,4,10
367,09-11-20,4,3,604,608,1,1,09-11-20,0,1,500.0,Central Park Ave & Elbridge Ave,nan,nan,casual,4,11,18,18,0.0,4,10
368,09-10-20,3,3,2208,2220,4,2,09-10-20,0,1,148.0,State St & 33rd St,nan,nan,casual,12,14,18,18,0.0,4,10
369,09-10-20,3,3,2226,2231,4,2,09-10-20,0,1,nan,nan,State St & 33rd St,148.0,casual,5,14,18,18,0.0,4,10
370,09-03-20,3,3,1725,1801,3,2,09-03-20,0,1,664.0,Leavitt St & Belmont Ave,Leavitt St & Belmont Ave,664.0,casual,76,15,24,25,0.0,6,10
371,09-03-20,3,3,1614,1628,3,2,09-03-20,0,1,nan,nan,Eckhart Park,86.0,casual,14,15,24,25,0.0,6,10
372,09-03-20,3,3,1611,1613,3,2,09-03-20,0,1,87.0,Racine Ave & Fullerton Ave,nan,nan,casual,2,15,24,25,0.0,6,10
373,09-03-20,3,3,1738,1756,3,2,09-03-20,0,1,306.0,Sheridan Rd & Buena Ave,Lakeview Ave & Fullerton Pkwy,313.0,casual,18,15,24,25,0.0,6,10
374,09-03-20,3,3,1823,1934,3,2,09-03-20,0,1,252.0,Greenwood Ave & 47th St,nan,nan,casual,111,15,24,25,0.0,6,10
375,09-03-20,3,3,1519,1607,2,3,09-03-20,0,1,52.0,Michigan Ave & Lake St,Michigan Ave & Lake St,52.0,casual,88,15,24,25,0.0,6,10
376,09-03-20,3,3,1317,1343,2,2,09-03-20,0,1,597.0,Chicago Ave & Washington St,Benson Ave & Church St,596.0,casual,26,15,24,25,0.0,6,10
377,09-03-20,3,3,1742,1758,3,2,09-03-20,0,1,461.0,Broadway & Ridge Ave,Lincoln Ave & Diversey Pkwy,152.0,casual,16,15,24,25,0.0,6,10
378,09-02-20,2,3,1929,1939,4,1,09-02-20,1,1,20.0,Sheffield Ave & Kingsbury St,Campbell Ave & North Ave,160.0,casual,10,6,23,24,0.0,5,10
379,09-02-20,2,3,1906,1923,4,1,09-02-20,1,1,210.0,Ashland Ave & Division St,nan,nan,casual,17,6,23,24,0.0,5,10
380,09-03-20,3,3,1837,1847,3,2,09-03-20,0,1,nan,nan,nan,nan,casual,10,15,24,25,0.0,6,10
381,09-03-20,3,3,917,1019,1,3,09-03-20,0,1,254.0,Pine Grove Ave & Irving Park Rd,Halsted St & Roscoe St,299.0,casual,102,15,24,25,0.0,6,10
382,09-02-20,2,3,1917,1943,4,1,09-02-20,1,1,172.0,Rush St & Cedar St,Montrose Harbor,249.0,casual,26,6,23,24,0.0,5,10
383,09-02-20,2,3,2236,2346,4,2,09-02-20,1,1,481.0,California Ave & Montrose Ave,Albany Ave & Montrose Ave,480.0,casual,110,6,23,24,0.0,5,10
384,09-02-20,2,3,2229,2234,4,2,09-02-20,1,1,120.0,Wentworth Ave & Cermak Rd,Shields Ave & 28th Pl,401.0,casual,5,6,23,24,0.0,5,10
385,09-25-20,4,3,2117,2137,4,2,09-25-20,0,1,nan,nan,nan,nan,casual,20,6,20,20,0.0,5,10
386,09-26-20,5,3,1606,1618,3,2,09-26-20,0,1,672.0,Franklin St & Illinois St,Field Blvd & South Water St,7.0,casual,12,13,21,21,0.0,6,10
387,09-26-20,5,3,1257,1306,2,1,09-26-20,0,1,nan,nan,Sheridan Rd & Montrose Ave,231.0,casual,49,13,21,21,0.0,6,10
388,09-26-20,5,3,1154,1204,2,1,09-26-20,0,1,231.0,Sheridan Rd & Montrose Ave,Broadway & Belmont Ave,296.0,casual,50,13,21,21,0.0,6,10
389,09-26-20,5,3,1631,1643,3,2,09-26-20,0,1,186.0,Ogden Ave & Race Ave,Clark St & Lake St,38.0,casual,12,13,21,21,0.0,6,10
390,09-26-20,5,3,1213,1223,2,1,09-26-20,0,1,51.0,Clark St & Randolph St,Ogden Ave & Race Ave,186.0,casual,10,13,21,21,0.0,6,10
391,09-26-20,5,3,1810,1841,3,2,09-26-20,0,1,24.0,Fairbanks Ct & Grand Ave,Lincoln Ave & Belle Plaine Ave,298.0,member,31,13,21,21,0.0,6,10
392,09-26-20,5,3,1,39,4,3,09-26-20,0,1,637.0,Wood St & Chicago Ave,Albany Ave & Bloomingdale Ave,511.0,casual,38,13,21,21,0.0,6,10
393,09-25-20,4,3,2153,2204,4,2,09-25-20,0,1,47.0,State St & Kinzie St,Wells St & Polk St,175.0,casual,51,6,20,20,0.0,5,10
